kode;namaunit;instansi
3001;Sekretariat Daerah;Sekretariat Daerah
30010103;Bagian Hukum;Sekretariat Daerah
30010301;Bagian Umum;Sekretariat Daerah
3003010302;Seksi Guru dan Tenaga Kependidikan Pendidikan Sekolah Dasar;Dinas Pendidikan dan Kebudayaan
300301060104;UPTSP SMP Negeri 4;Dinas Pendidikan dan Kebudayaan
300301060204;SD Negeri Wates 1;Dinas Pendidikan dan Kebudayaan
300301060211;SD Negeri Balongsari 2;Dinas Pendidikan dan Kebudayaan
300102;Asisten Perekonomian dan Pembangunan;Sekretariat Daerah
30010303;Bagian Protokol dan Komunikasi Pimpinan;Sekretariat Daerah
3003;Dinas;NULL
300103;Asisten Administrasi Umum;Sekretariat Daerah
300101;Asisten Pemerintahan dan Kesejahteraan Rakyat;Sekretariat Daerah
30010201;Bagian Perekonomian dan Sumber Daya Alam;Sekretariat Daerah
30030105;Bidang Kebudayaan;Dinas Pendidikan dan Kebudayaan
300301060106;UPTSP SMP Negeri 6;Dinas Pendidikan dan Kebudayaan
300301060108;UPTSP SMP Negeri 8;Dinas Pendidikan dan Kebudayaan
3003010602;SD;NULL
300301060203;SD Negeri Kedundung 3;Dinas Pendidikan dan Kebudayaan
300301060205;SD Negeri Wates 2;Dinas Pendidikan dan Kebudayaan
300301060206;SD Negeri Wates 3;Dinas Pendidikan dan Kebudayaan
300301060208;SD Negeri Wates 5;Dinas Pendidikan dan Kebudayaan
300301060209;SD Negeri Wates 6;Dinas Pendidikan dan Kebudayaan
300301060210;SD Negeri Balongsari 1;Dinas Pendidikan dan Kebudayaan
300301060212;SD Negeri Balongsari 5;Dinas Pendidikan dan Kebudayaan
300301060222;SD Negeri Sentanan;Dinas Pendidikan dan Kebudayaan
300301060223;SD Negeri Jagalan;Dinas Pendidikan dan Kebudayaan
300301060224;SD Negeri Gunung Gedangan 1;Dinas Pendidikan dan Kebudayaan
300301060228;SD Negeri Magersari 1;Dinas Pendidikan dan Kebudayaan
300301060230;SD Negeri Kranggan 1;Dinas Pendidikan dan Kebudayaan
300301060231;SD Negeri Kranggan 2;Dinas Pendidikan dan Kebudayaan
300301060233;SD Negeri Kranggan 4;Dinas Pendidikan dan Kebudayaan
300301060234;SD Negeri Kranggan 5;Dinas Pendidikan dan Kebudayaan
300301060236;SD Negeri Mentikan 2;Dinas Pendidikan dan Kebudayaan
300301060107;UPTSP SMP Negeri 7;Dinas Pendidikan dan Kebudayaan
300301060202;SD Negeri Kedundung 2;Dinas Pendidikan dan Kebudayaan
300301060225;SD Negeri Gunung Gedangan 2;Dinas Pendidikan dan Kebudayaan
300301060235;SD Negeri Mentikan 1;Dinas Pendidikan dan Kebudayaan
300301060241;SD Negeri Miji 1;Dinas Pendidikan dan Kebudayaan
300301060242;SD Negeri Miji 2;Dinas Pendidikan dan Kebudayaan
300301060243;SD Negeri Miji 3;Dinas Pendidikan dan Kebudayaan
3003010303;Seksi Sarana Prasarana Pendidikan Sekolah Dasar;Dinas Pendidikan dan Kebudayaan
3003010402;Seksi Guru dan Tenaga Kependidikan Pendidikan SMP;Dinas Pendidikan dan Kebudayaan
3003010403;Seksi Sarana Prasarana Pendidikan SMP;Dinas Pendidikan dan Kebudayaan
300301060102;UPTSP SMP Negeri 2;Dinas Pendidikan dan Kebudayaan
3002;Sekretariat DPRD;Sekretariat DPRD
300301060101;UPTSP SMP Negeri 1;Dinas Pendidikan dan Kebudayaan
300301060103;UPTSP SMP Negeri 3;Dinas Pendidikan dan Kebudayaan
300301060105;UPTSP SMP Negeri 5;Dinas Pendidikan dan Kebudayaan
300301060109;UPTSP SMP Negeri 9;Dinas Pendidikan dan Kebudayaan
300301060201;SD Negeri Kedundung 1;Dinas Pendidikan dan Kebudayaan
300301060207;SD Negeri Wates 4;Dinas Pendidikan dan Kebudayaan
300301060217;SD Negeri Gedongan 1;Dinas Pendidikan dan Kebudayaan
300301060218;SD Negeri Gedongan 2;Dinas Pendidikan dan Kebudayaan
300301060229;SD Negeri Magersari 2;Dinas Pendidikan dan Kebudayaan
300301060232;SD Negeri Kranggan 3;Dinas Pendidikan dan Kebudayaan
30010102;Bagian Kesejahteraan Rakyat;Sekretariat Daerah
30010302;Bagian Organisasi;Sekretariat Daerah
300408;Badan Perencanaan Pembangunan, Riset dan Inovasi Daerah;Badan Perencanaan Pembangunan, Riset dan Inovasi Daerah
3004080101;Sub Bagian Keuangan;Badan Perencanaan Pembangunan, Riset dan Inovasi Daerah
30040801;Sekretariat Badan Perencanaan Pembangunan, Riset dan Inovasi Daerah;Badan Perencanaan Pembangunan, Riset dan Inovasi Daerah
30030407;UPTD Perlindungan Perempuan dan Anak;Dinas Sosial, Pemberdayaan Perempuan dan Perlindungan Anak
300301060304;TK Negeri Pembina Kecamatan Kranggan;Dinas Pendidikan dan Kebudayaan
3004080102;Sub Bagian Umum dan Kepegawaian;Badan Perencanaan Pembangunan, Riset dan Inovasi Daerah
30040802;Bidang Perencanaan, Pengendalian, dan Evaluasi Pembangunan;Badan Perencanaan Pembangunan, Riset dan Inovasi Daerah
30040803;Bidang Pemerintahan dan Pembangunan Manusia;Badan Perencanaan Pembangunan, Riset dan Inovasi Daerah
30040804;Bidang Perekonomian, Sumbar Daya Alam, Infrastruktur dan Kewilayahan;Badan Perencanaan Pembangunan, Riset dan Inovasi Daerah
30040805;Bidang Riset dan Inovasi Daerah;Badan Perencanaan Pembangunan, Riset dan Inovasi Daerah
30040507;Bidang Perbendaharaan dan Akuntansi;Badan Pengelolaan Keuangan dan Pendapatan Daerah
30040508;Bidang Pelayanan, Pendataan dan Penetapan Pajak Daerah;Badan Pengelolaan Keuangan dan Pendapatan Daerah
30040509;Bidang Penagihan dan Evaluasi Pendapatan Daerah;Badan Pengelolaan Keuangan dan Pendapatan Daerah
300301060244;SD Negeri Miji 4;Dinas Pendidikan dan Kebudayaan
300301060245;SD Negeri Pulorejo 1;Dinas Pendidikan dan Kebudayaan
300301060246;SD Negeri Pulorejo 2;Dinas Pendidikan dan Kebudayaan
300301060247;SD Negeri Prajuritkulon 1;Dinas Pendidikan dan Kebudayaan
300301060248;SD Negeri Prajuritkulon 2;Dinas Pendidikan dan Kebudayaan
300301060249;SD Negeri Prajuritkulon 3;Dinas Pendidikan dan Kebudayaan
300301060250;SD Negeri Surodinawan;Dinas Pendidikan dan Kebudayaan
3003010603;TK;NULL
300301060301;TK Negeri Pembina Kota Mojokerto;Dinas Pendidikan dan Kebudayaan
300301060302;TK Negeri Pembina Kecamatan Prajuritkulon;Dinas Pendidikan dan Kebudayaan
300302;Dinas Kepemudaan, Olahraga dan Pariwisata;Dinas Kepemudaan, Olahraga dan Pariwisata
30030201;Sekretariat;Dinas Kepemudaan, Olahraga dan Pariwisata
3003020102;Sub Bagian Umum dan Kepegawaian;Dinas Kepemudaan, Olahraga dan Pariwisata
30030202;Bidang Kepemudaan;Dinas Kepemudaan, Olahraga dan Pariwisata
30030203;Bidang Olahraga;Dinas Kepemudaan, Olahraga dan Pariwisata
30030204;Bidang Pariwisata;Dinas Kepemudaan, Olahraga dan Pariwisata
300303;Dinas Kesehatan, Pengendalian Penduduk dan Keluarga Berencana;Dinas Kesehatan, Pengendalian Penduduk dan Keluarga Berencana
30030301;Sekretariat;Dinas Kesehatan, Pengendalian Penduduk dan Keluarga Berencana
3003030102;Sub Bagian Keuangan;Dinas Kesehatan, Pengendalian Penduduk dan Keluarga Berencana
3003030103;Sub Bagian Umum dan Kepegawaian;Dinas Kesehatan, Pengendalian Penduduk dan Keluarga Berencana
30030302;Bidang Kesehatan Masyarakat;Dinas Kesehatan, Pengendalian Penduduk dan Keluarga Berencana
30030303;Bidang Pencegahan dan Pengendalian Penyakit;Dinas Kesehatan, Pengendalian Penduduk dan Keluarga Berencana
30030305;Bidang Pengendalian Penduduk dan Keluarga Berencana;Dinas Kesehatan, Pengendalian Penduduk dan Keluarga Berencana
30030306;UPTD;NULL
3003030601;UPTD Puskesmas Kedundung;Dinas Kesehatan, Pengendalian Penduduk dan Keluarga Berencana
3003030602;UPTD Puskesmas Wates;Dinas Kesehatan, Pengendalian Penduduk dan Keluarga Berencana
3003030603;UPTD Puskesmas Gedongan;Dinas Kesehatan, Pengendalian Penduduk dan Keluarga Berencana
3003030604;UPTD Puskesmas Mentikan;Dinas Kesehatan, Pengendalian Penduduk dan Keluarga Berencana
3003030605;UPTD Puskesmas Blooto;Dinas Kesehatan, Pengendalian Penduduk dan Keluarga Berencana
3003030606;UPTD Puskesmas Kranggan;Dinas Kesehatan, Pengendalian Penduduk dan Keluarga Berencana
3003030607;UPTD Laboratorium Kesehatan;Dinas Kesehatan, Pengendalian Penduduk dan Keluarga Berencana
3003030608;UPTD Gudang Farmasi;Dinas Kesehatan, Pengendalian Penduduk dan Keluarga Berencana
300304;Dinas Sosial, Pemberdayaan Perempuan dan Perlindungan Anak;Dinas Sosial, Pemberdayaan Perempuan dan Perlindungan Anak
30030401;Sekretariat;Dinas Sosial, Pemberdayaan Perempuan dan Perlindungan Anak
3003040103;Sub Bagian Umum dan Kepegawaian;Dinas Sosial, Pemberdayaan Perempuan dan Perlindungan Anak
30030402;Bidang Bina Pemberdayaan Sosial;Dinas Sosial, Pemberdayaan Perempuan dan Perlindungan Anak
30030403;Bidang Pelayanan dan Rehabilitasi Sosial;Dinas Sosial, Pemberdayaan Perempuan dan Perlindungan Anak
30030404;Bidang Perlindungan dan Jaminan Sosial;Dinas Sosial, Pemberdayaan Perempuan dan Perlindungan Anak
300305;Dinas Pekerjaan Umum, Penataan Ruang, Perumahan Rakyat dan Kawasan Permukiman;Dinas Pekerjaan Umum, Penataan Ruang, Perumahan Rakyat dan Kawasan Permukiman
30030501;Sekretariat;Dinas Pekerjaan Umum, Penataan Ruang, Perumahan Rakyat dan Kawasan Permukiman
3003050101;Sub Bagian Penyusunan Program dan Keuangan;Dinas Pekerjaan Umum, Penataan Ruang, Perumahan Rakyat dan Kawasan Permukiman
3003050102;Sub Bagian Umum dan Kepegawaian;Dinas Pekerjaan Umum, Penataan Ruang, Perumahan Rakyat dan Kawasan Permukiman
30030502;Bidang Bina Marga;Dinas Pekerjaan Umum, Penataan Ruang, Perumahan Rakyat dan Kawasan Permukiman
30030503;Bidang Penataan Ruang, Bangunan dan Bina Konstruksi;Dinas Pekerjaan Umum, Penataan Ruang, Perumahan Rakyat dan Kawasan Permukiman
30030504;Bidang Sumber Daya Air;Dinas Pekerjaan Umum, Penataan Ruang, Perumahan Rakyat dan Kawasan Permukiman
30030505;Bidang Perumahan Rakyat dan Kawasan Pemukiman;Dinas Pekerjaan Umum, Penataan Ruang, Perumahan Rakyat dan Kawasan Permukiman
300307;Dinas Koperasi, Usaha Kecil dan Menengah, Perindustrian dan Perdagangan;Dinas Koperasi, Usaha Kecil dan Menengah, Perindustrian dan Perdagangan
30030701;Sekretariat;Dinas Koperasi, Usaha Kecil dan Menengah, Perindustrian dan Perdagangan
3003070102;Sub Bagian Keuangan;Dinas Koperasi, Usaha Kecil dan Menengah, Perindustrian dan Perdagangan
3003070103;Sub Bagian Umum dan Kepegawaian;Dinas Koperasi, Usaha Kecil dan Menengah, Perindustrian dan Perdagangan
30030702;Bidang Bina Koperasi;Dinas Koperasi, Usaha Kecil dan Menengah, Perindustrian dan Perdagangan
30030703;Bidang Perindustrian;Dinas Koperasi, Usaha Kecil dan Menengah, Perindustrian dan Perdagangan
30030704;Bidang Perdagangan;Dinas Koperasi, Usaha Kecil dan Menengah, Perindustrian dan Perdagangan
30030705;Bidang Bina Usaha;Dinas Koperasi, Usaha Kecil dan Menengah, Perindustrian dan Perdagangan
30030706;UPTD Pasar Tradisional;Dinas Koperasi, Usaha Kecil dan Menengah, Perindustrian dan Perdagangan
3003070601;Sub Bagian Tata Usaha;Dinas Koperasi, Usaha Kecil dan Menengah, Perindustrian dan Perdagangan
300308;Dinas Ketahanan Pangan dan Pertanian;Dinas Ketahanan Pangan dan Pertanian
30030801;Sekretariat;Dinas Ketahanan Pangan dan Pertanian
3003080102;Sub Bagian Umum dan Kepegawaian;Dinas Ketahanan Pangan dan Pertanian
30030802;Bidang Ketahanan Pangan;Dinas Ketahanan Pangan dan Pertanian
30030803;Bidang Pertanian;Dinas Ketahanan Pangan dan Pertanian
30030804;Bidang Perikanan dan Peternakan;Dinas Ketahanan Pangan dan Pertanian
30030805;UPTD Rumah Potong Hewan;Dinas Ketahanan Pangan dan Pertanian
300309;Dinas Lingkungan Hidup;Dinas Lingkungan Hidup
30030901;Sekretariat;Dinas Lingkungan Hidup
3003090101;Sub Bagian Penyusunan Program dan Keuangan;Dinas Lingkungan Hidup
3003090102;Sub Bagian Umum dan Kepegawaian;Dinas Lingkungan Hidup
30030902;Bidang Penataan dan Pentaatan Lingkungan Hidup;Dinas Lingkungan Hidup
30030903;Bidang Kebersihan;Dinas Lingkungan Hidup
30030904;Bidang Pelestarian Lingkungan Hidup dan Pertamanan;Dinas Lingkungan Hidup
300310;Dinas Kependudukan dan Pencatatan Sipil;Dinas Kependudukan dan Pencatatan Sipil
30031001;Sekretariat;Dinas Kependudukan dan Pencatatan Sipil
3003100101;Sub Bagian Penyusunan Program dan Keuangan;Dinas Kependudukan dan Pencatatan Sipil
3003100102;Sub Bagian Umum dan Kepegawaian;Dinas Kependudukan dan Pencatatan Sipil
30031002;Bidang Pelayanan Administrasi Kependudukan;Dinas Kependudukan dan Pencatatan Sipil
30031003;Bidang PIAK dan Pemanfaatan Data;Dinas Kependudukan dan Pencatatan Sipil
300311;Dinas Perhubungan;Dinas Perhubungan
30031101;Sekretariat;Dinas Perhubungan
3003110101;Sub Bagian Penyusunan Program dan Keuangan;Dinas Perhubungan
3003110102;Sub Bagian Umum dan Kepegawaian;Dinas Perhubungan
30031102;Bidang Lalu Lintas;Dinas Perhubungan
3003110201;Seksi Manajemen dan Rekayasa Lalu Lintas;Dinas Perhubungan
3003110202;Seksi Perlengkapan Jalan;Dinas Perhubungan
30031103;Bidang Angkutan Jalan;Dinas Perhubungan
3003110301;Seksi Pengujian Kendaraan Bermotor;Dinas Perhubungan
3003110302;Seksi Angkutan;Dinas Perhubungan
30031104;Bidang Pengendalian Operasi dan Perparkiran;Dinas Perhubungan
3003110401;Seksi Perparkiran;Dinas Perhubungan
3003110402;Seksi Bimbingan Keselamatan dan Ketertiban;Dinas Perhubungan
300312;Dinas Komunikasi dan Informatika;Dinas Komunikasi dan Informatika
30031201;Sekretariat;Dinas Komunikasi dan Informatika
3003120101;Sub Bagian Penyusunan Program dan Keuangan;Dinas Komunikasi dan Informatika
3003120102;Sub Bagian Umum dan Kepegawaian;Dinas Komunikasi dan Informatika
30031202;Bidang Pelayanan Informasi dan Komunikasi Publik;Dinas Komunikasi dan Informatika
30031203;Bidang Teknologi dan Informatika;Dinas Komunikasi dan Informatika
30031204;Bidang Persandian dan Data Statistik;Dinas Komunikasi dan Informatika
300313;Dinas Perpustakaan dan Kearsipan;Dinas Perpustakaan dan Kearsipan
30031301;Sekretariat;Dinas Perpustakaan dan Kearsipan
3003130102;Sub Bagian Umum dan Kepegawaian;Dinas Perpustakaan dan Kearsipan
30031302;Bidang Perpustakaan;Dinas Perpustakaan dan Kearsipan
30031303;Bidang Pembinaan dan Pengawasan Kearsipan;Dinas Perpustakaan dan Kearsipan
30031304;Bidang Pengelolaan Arsip;Dinas Perpustakaan dan Kearsipan
3004;Lembaga Teknis;NULL
300401;RSUD dr. Wahidin Sudiro Husodo;RSUD dr. Wahidin Sudiro Husodo
30040101;Wakil Direktur Pelayanan dan Pendidikan;RSUD dr. Wahidin Sudiro Husodo
3004010101;Bidang Pelayanan Medis;RSUD dr. Wahidin Sudiro Husodo
3004010102;Bidang Penunjang dan Pengendalian Mutu;RSUD dr. Wahidin Sudiro Husodo
3004010103;Bidang Pelayanan Keperawatan dan Pendidikan;RSUD dr. Wahidin Sudiro Husodo
30040102;Wakil Direktur Umum dan Keuangan;RSUD dr. Wahidin Sudiro Husodo
3004010201;Bagian Umum dan Sumber Daya Manusia;RSUD dr. Wahidin Sudiro Husodo
3004010202;Bagian Keuangan;RSUD dr. Wahidin Sudiro Husodo
3004010203;Bagian Perencanaan, Hukum dan Hubungan Masyarakat;RSUD dr. Wahidin Sudiro Husodo
300402;Satuan Polisi Pamong Praja;Satuan Polisi Pamong Praja
30040201;Sekretariat;Satuan Polisi Pamong Praja
30040204;UPTD Pemadam Kebakaran;Satuan Polisi Pamong Praja
300403;Inspektorat;Inspektorat
30040301;Sekretariat;Inspektorat
30040302;Inspektur Pembantu I;Inspektorat
30040303;Inspektur Pembantu II;Inspektorat
30040304;Inspektur Pembantu III;Inspektorat
3004030102;Sub Bagian Umum dan Kepegawaian;Inspektorat
300405;Badan Pengelolaan Keuangan dan Pendapatan Daerah;Badan Pengelolaan Keuangan dan Pendapatan Daerah
30040501;Sekretariat;Badan Pengelolaan Keuangan dan Pendapatan Daerah
3004050102;Sub Bagian Umum dan Kepegawaian;Badan Pengelolaan Keuangan dan Pendapatan Daerah
30040502;Bidang Anggaran;Badan Pengelolaan Keuangan dan Pendapatan Daerah
3004050201;Sub Bidang Penyusunan Anggaran;Badan Pengelolaan Keuangan dan Pendapatan Daerah
3004050202;Sub Bidang Administrasi Anggaran;Badan Pengelolaan Keuangan dan Pendapatan Daerah
30040506;Bidang Aset;Badan Pengelolaan Keuangan dan Pendapatan Daerah
3004050601;Sub Bidang Perencanaan dan Penatausahaan Aset;Badan Pengelolaan Keuangan dan Pendapatan Daerah
3004050602;Sub Bidang Pengamanan dan Pemindahtanganan Aset;Badan Pengelolaan Keuangan dan Pendapatan Daerah
300406;Badan Kepegawaian dan Pengembangan Sumber Daya Manusia;Badan Kepegawaian dan Pengembangan Sumber Daya Manusia
30040601;Sekretariat;Badan Kepegawaian dan Pengembangan Sumber Daya Manusia
3004060101;Sub Bagian Penyusunan Program dan Keuangan;Badan Kepegawaian dan Pengembangan Sumber Daya Manusia
3004060102;Sub Bagian Umum dan Kepegawaian;Badan Kepegawaian dan Pengembangan Sumber Daya Manusia
30040602;Bidang Pengadaan, Pemberhentian, Mutasi dan Promosi;Badan Kepegawaian dan Pengembangan Sumber Daya Manusia
30040603;Bidang Pengembangan Kompetensi dan Penilaian Kinerja Aparatur;Badan Kepegawaian dan Pengembangan Sumber Daya Manusia
300407;Badan Kesatuan Bangsa dan Politik;Badan Kesatuan Bangsa dan Politik
30040701;Sekretariat;Badan Kesatuan Bangsa dan Politik
3004070102;Sub Bagian Umum dan Kepegawaian;Badan Kesatuan Bangsa dan Politik
30040702;Bidang Ideologi, Wawasan Kebangsaan dan Ketahanan Ekonomi, Sosial Budaya dan Agama;Badan Kesatuan Bangsa dan Politik
30040703;Bidang Politik Dalam Negeri dan Organisasi Kemasyarakatan;Badan Kesatuan Bangsa dan Politik
30040704;Bidang Kewaspadaan Nasional dan Penanganan Konflik;Badan Kesatuan Bangsa dan Politik
3005;Kecamatan;NULL
300501;Kecamatan Magersari;Kecamatan Magersari
30050101;Sekretariat;Kecamatan Magersari
3005010101;Sub Bagian Penyusunan Program dan Keuangan;Kecamatan Magersari
3005010102;Sub Bagian Umum dan Kepegawaian;Kecamatan Magersari
30050102;Seksi Tata Pemerintahan;Kecamatan Magersari
30050103;Seksi Ketentraman dan Ketertiban Umum;Kecamatan Magersari
30050104;Seksi Perekonomian, Fisik dan Prasarana Wilayah;Kecamatan Magersari
30050105;Seksi Sosial dan Pemberdayaan Masyarakat;Kecamatan Magersari
30050106;Kelurahan;NULL
3005010601;Kelurahan Kedundung;Kecamatan Magersari
300501060101;Sekretariat;Kecamatan Magersari
300501060102;Seksi Tata Pemerintahan, Ketentraman dan Ketertiban Umum;Kecamatan Magersari
300501060103;Seksi Perekonomian, Fisik dan Prasarana Wilayah;Kecamatan Magersari
300501060104;Seksi Sosial dan Pemberdayaan Masyarakat;Kecamatan Magersari
3005010602;Kelurahan Wates;Kecamatan Magersari
300501060201;Sekretariat;Kecamatan Magersari
300501060202;Seksi Tata Pemerintahan, Ketentraman dan Ketertiban Umum;Kecamatan Magersari
300501060203;Seksi Perekonomian, Fisik dan Prasarana Wilayah;Kecamatan Magersari
300501060204;Seksi Sosial dan Pemberdayaan Masyarakat;Kecamatan Magersari
3005010603;Kelurahan Balongsari;Kecamatan Magersari
300501060301;Sekretariat;Kecamatan Magersari
300501060302;Seksi Tata Pemerintahan, Ketentraman dan Ketertiban Umum;Kecamatan Magersari
300501060303;Seksi Perekonomian, Fisik dan Prasarana Wilayah;Kecamatan Magersari
300501060304;Seksi Sosial dan Pemberdayaan Masyarakat;Kecamatan Magersari
3005010604;Kelurahan Gedongan;Kecamatan Magersari
300501060401;Sekretariat;Kecamatan Magersari
300501060402;Seksi Tata Pemerintahan, Ketentraman dan Ketertiban Umum;Kecamatan Magersari
300501060403;Seksi Perekonomian, Fisik dan Prasarana Wilayah;Kecamatan Magersari
300501060404;Seksi Sosial dan Pemberdayaan Masyarakat;Kecamatan Magersari
3005010605;Kelurahan Gununggedangan;Kecamatan Magersari
300501060501;Sekretariat;Kecamatan Magersari
300501060502;Seksi Tata Pemerintahan, Ketentraman dan Ketertiban Umum;Kecamatan Magersari
300501060503;Seksi Perekonomian, Fisik dan Prasarana Wilayah;Kecamatan Magersari
300501060504;Seksi Sosial dan Pemberdayaan Masyarakat;Kecamatan Magersari
3005010606;Kelurahan Magersari;Kecamatan Magersari
300501060601;Sekretariat;Kecamatan Magersari
300501060602;Seksi Tata Pemerintahan, Ketentraman dan Ketertiban Umum;Kecamatan Magersari
300501060603;Seksi Perekonomian, Fisik dan Prasarana Wilayah;Kecamatan Magersari
300501060604;Seksi Sosial dan Pemberdayaan Masyarakat;Kecamatan Magersari
300502;Kecamatan Prajuritkulon;Kecamatan Prajuritkulon
30050201;Sekretariat;Kecamatan Prajuritkulon
3005020101;Sub Bagian Penyusunan Program dan Keuangan;Kecamatan Prajuritkulon
3005020102;Sub Bagian Umum dan Kepegawaian;Kecamatan Prajuritkulon
30050202;Seksi Tata Pemerintahan;Kecamatan Prajuritkulon
30050203;Seksi Ketentraman dan Ketertiban Umum;Kecamatan Prajuritkulon
30050204;Seksi Perekonomian, Fisik dan Prasarana Wilayah;Kecamatan Prajuritkulon
30050205;Seksi Sosial dan Pemberdayaan Masyarakat;Kecamatan Prajuritkulon
30050206;Kelurahan;NULL
3005020601;Kelurahan Mentikan;Kecamatan Prajuritkulon
300502060101;Sekretariat;Kecamatan Prajuritkulon
300502060102;Seksi Tata Pemerintahan, Ketentraman dan Ketertiban Umum;Kecamatan Prajuritkulon
300502060103;Seksi Perekonomian, Fisik dan Prasarana Wilayah;Kecamatan Prajuritkulon
300502060104;Seksi Sosial dan Pemberdayaan Masyarakat;Kecamatan Prajuritkulon
3005020602;Kelurahan Kauman;Kecamatan Prajuritkulon
300502060201;Sekretariat;Kecamatan Prajuritkulon
300502060202;Seksi Tata Pemerintahan, Ketentraman dan Ketertiban Umum;Kecamatan Prajuritkulon
300502060203;Seksi Perekonomian, Fisik dan Prasarana Wilayah;Kecamatan Prajuritkulon
300502060204;Seksi Sosial dan Pemberdayaan Masyarakat;Kecamatan Prajuritkulon
3005020603;Kelurahan Pulorejo;Kecamatan Prajuritkulon
300502060301;Sekretariat;Kecamatan Prajuritkulon
300502060302;Seksi Tata Pemerintahan, Ketentraman dan Ketertiban Umum;Kecamatan Prajuritkulon
300502060303;Seksi Perekonomian, Fisik dan Prasarana Wilayah;Kecamatan Prajuritkulon
300502060304;Seksi Sosial dan Pemberdayaan Masyarakat;Kecamatan Prajuritkulon
3005020604;Kelurahan Prajuritkulon;Kecamatan Prajuritkulon
300502060401;Sekretariat;Kecamatan Prajuritkulon
300502060402;Seksi Tata Pemerintahan, Ketentraman dan Ketertiban Umum;Kecamatan Prajuritkulon
300502060403;Seksi Perekonomian, Fisik dan Prasarana Wilayah;Kecamatan Prajuritkulon
300502060404;Seksi Sosial dan Pemberdayaan Masyarakat;Kecamatan Prajuritkulon
3005020605;Kelurahan Surodinawan;Kecamatan Prajuritkulon
300502060501;Sekretariat;Kecamatan Prajuritkulon
300502060502;Seksi Tata Pemerintahan, Ketentraman dan Ketertiban Umum;Kecamatan Prajuritkulon
300502060503;Seksi Perekonomian, Fisik dan Prasarana Wilayah;Kecamatan Prajuritkulon
300502060504;Seksi Sosial dan Pemberdayaan Masyarakat;Kecamatan Prajuritkulon
3005020606;Kelurahan Blooto;Kecamatan Prajuritkulon
300502060601;Sekretariat;Kecamatan Prajuritkulon
300502060602;Seksi Tata Pemerintahan, Ketentraman dan Ketertiban Umum;Kecamatan Prajuritkulon
300502060603;Seksi Perekonomian, Fisik dan Prasarana Wilayah;Kecamatan Prajuritkulon
300502060604;Seksi Sosial dan Pemberdayaan Masyarakat;Kecamatan Prajuritkulon
300503;Kecamatan Kranggan;Kecamatan Kranggan
30050301;Sekretariat;Kecamatan Kranggan
3005030101;Sub Bagian Penyusunan Program dan Keuangan;Kecamatan Kranggan
3005030102;Sub Bagian Umum dan Kepegawaian;Kecamatan Kranggan
30050302;Seksi Tata Pemerintahan;Kecamatan Kranggan
30050303;Seksi Ketentraman dan Ketertiban Umum;Kecamatan Kranggan
30050304;Seksi Perekonomian, Fisik dan Prasarana Wilayah;Kecamatan Kranggan
30050305;Seksi Sosial dan Pemberdayaan Masyarakat;Kecamatan Kranggan
30050306;Kelurahan;NULL
3005030601;Kelurahan Miji;Kecamatan Kranggan
300503060101;Sekretariat;Kecamatan Kranggan
300503060102;Seksi Tata Pemerintahan, Ketentraman dan Ketertiban Umum;Kecamatan Kranggan
300503060103;Seksi Perekonomian, Fisik dan Prasarana Wilayah;Kecamatan Kranggan
300503060104;Seksi Sosial dan Pemberdayaan Masyarakat;Kecamatan Kranggan
3005030602;Kelurahan Jagalan;Kecamatan Kranggan
300503060201;Sekretariat;Kecamatan Kranggan
300503060202;Seksi Tata Pemerintahan, Ketentraman dan Ketertiban Umum;Kecamatan Kranggan
300503060203;Seksi Perekonomian, Fisik dan Prasarana Wilayah;Kecamatan Kranggan
300503060204;Seksi Sosial dan Pemberdayaan Masyarakat;Kecamatan Kranggan
3005030603;Kelurahan Kranggan;Kecamatan Kranggan
300503060301;Sekretariat;Kecamatan Kranggan
300503060302;Seksi Tata Pemerintahan, Ketentraman dan Ketertiban Umum;Kecamatan Kranggan
300503060303;Seksi Perekonomian, Fisik dan Prasarana Wilayah;Kecamatan Kranggan
300503060304;Seksi Sosial dan Pemberdayaan Masyarakat;Kecamatan Kranggan
3005030604;Kelurahan Meri;Kecamatan Kranggan
300503060401;Sekretariat;Kecamatan Kranggan
300503060402;Seksi Tata Pemerintahan, Ketentraman dan Ketertiban Umum;Kecamatan Kranggan
300503060403;Seksi Perekonomian, Fisik dan Prasarana Wilayah;Kecamatan Kranggan
300503060404;Seksi Sosial dan Pemberdayaan Masyarakat;Kecamatan Kranggan
3005030605;Kelurahan Sentanan;Kecamatan Kranggan
300503060501;Sekretariat;Kecamatan Kranggan
300503060502;Seksi Tata Pemerintahan, Ketentraman dan Ketertiban Umum;Kecamatan Kranggan
300503060503;Seksi Perekonomian, Fisik dan Prasarana Wilayah;Kecamatan Kranggan
300503060504;Seksi Sosial dan Pemberdayaan Masyarakat;Kecamatan Kranggan
3005030606;Kelurahan Purwotengah;Kecamatan Kranggan
300503060601;Sekretariat;Kecamatan Kranggan
300503060602;Seksi Tata Pemerintahan, Ketentraman dan Ketertiban Umum;Kecamatan Kranggan
300503060603;Seksi Perekonomian, Fisik dan Prasarana Wilayah;Kecamatan Kranggan
300503060604;Seksi Sosial dan Pemberdayaan Masyarakat;Kecamatan Kranggan
30020102;Sub Bagian Umum;Sekretariat DPRD
30030103;Bidang Pendidikan Sekolah Dasar;Dinas Pendidikan dan Kebudayaan
30030104;Bidang Pendidikan Sekolah Menengah Pertama;Dinas Pendidikan dan Kebudayaan
30010401;Staf Ahli Bidang Pemerintahan, Hukum dan Politik;Sekretariat Daerah
3004020101;Sub Bagian Penyusunan Program dan Keuangan;Satuan Polisi Pamong Praja
30010402;Staf Ahli Bidang Pembangunan, Ekonomi dan Keuangan;Sekretariat Daerah
30010403;Staf Ahli Bidang Kemasyarakatan dan Sumber Daya Manusia;Sekretariat Daerah
3004020102;Sub Bagian Umum dan Kepegawaian;Satuan Polisi Pamong Praja
30030806;UPTD Pusat Kesehatan Hewan;Dinas Ketahanan Pangan dan Pertanian
300301060110;SMP Swasta;Dinas Pendidikan dan Kebudayaan
300301060303;TK Swasta;Dinas Pendidikan dan Kebudayaan
300314;Dinas Penanaman Modal dan Pelayanan Terpadu Satu Pintu;Dinas Penanaman Modal dan Pelayanan Terpadu Satu Pintu
30031401;Sekretariat;Dinas Penanaman Modal dan Pelayanan Terpadu Satu Pintu
300301060255;SD Negeri Balongsari 3;Dinas Pendidikan dan Kebudayaan
3003140101;Sub Bagian Umum dan Kepegawaian;Dinas Penanaman Modal dan Pelayanan Terpadu Satu Pintu
300301060253;SD Negeri Purwotengah;Dinas Pendidikan dan Kebudayaan
3001030301;Sub Bagian Protokol;Sekretariat Daerah
300301;Dinas Pendidikan dan Kebudayaan;Dinas Pendidikan dan Kebudayaan
3003010202;Seksi Guru dan Tenaga Kependidikan PAUD dan PNF;Dinas Pendidikan dan Kebudayaan
3003010203;Seksi Sarana Prasarana PAUD dan PNF;Dinas Pendidikan dan Kebudayaan
3003010601;SMP;NULL
300301060254;SD Negeri Kauman;Dinas Pendidikan dan Kebudayaan
30040305;Inspektur Pembantu Khusus;Inspektorat
30040205;Bidang Penegakan Peraturan Daerah;Satuan Polisi Pamong Praja
3004020501;Seksi Pembinaan, Pengawasan dan Penyuluhan;Satuan Polisi Pamong Praja
3004020502;Seksi Penyidikan dan Penindakan;Satuan Polisi Pamong Praja
30040206;Bidang Ketentraman Ketertiban Umum dan Perlindungan Masyarakat;Satuan Polisi Pamong Praja
3004020601;Seksi Operasional dan Pengendalian;Satuan Polisi Pamong Praja
3004020602;Seksi Perlindungan Masyarakat;Satuan Polisi Pamong Praja
300301060256;SD Negeri Meri;Dinas Pendidikan dan Kebudayaan
300301060258;SD Negeri Mentikan 3;Dinas Pendidikan dan Kebudayaan
30;Pemerintah Kota Mojokerto;
30010202;Bagian Pengadaan Barang/Jasa dan Pembangunan;Sekretariat Daerah
30010101;Bagian Pemerintahan;Sekretariat Daerah
3001030101;Sub Bagian Tata Usaha Pimpinan, Staf Ahli dan Kepegawaian;Sekretariat Daerah
300104;Staf Ahli;NULL
300201;Bagian Umum dan Keuangan;Sekretariat DPRD
300202;Bagian Persidangan dan Perundang-undangan;Sekretariat DPRD
300203;Bagian Fasilitasi Penganggaran dan Pengawasan;Sekretariat DPRD
30030101;Sekretariat;Dinas Pendidikan dan Kebudayaan
30030102;Bidang PAUD dan Pendidikan Non Formal;Dinas Pendidikan dan Kebudayaan
30030106;UPTSP;NULL
3003010103;Sub Bagian Umum dan Kepegawaian;Dinas Pendidikan dan Kebudayaan
30030406;Bidang Pemberdayaan Perempuan dan Perlindungan Anak;Dinas Sosial, Pemberdayaan Perempuan dan Perlindungan Anak
30030307;Bidang Pelayanan Kesehatan dan Sumber Daya Kesehatan;Dinas Kesehatan, Pengendalian Penduduk dan Keluarga Berencana
300301060257;SD Negeri Blooto;Dinas Pendidikan dan Kebudayaan
300301060259;SD Negeri Balongsari 4;Dinas Pendidikan dan Kebudayaan
300409;Badan Penanggulangan Bencana Daerah;Badan Penanggulangan Bencana Daerah
30040901;Pelaksana Badan Penanggulangan Bencana Daerah;Badan Penanggulangan Bencana Daerah
3004050701;Sub Bidang Pelayanan Perbendaharaan;Badan Pengelolaan Keuangan dan Pendapatan Daerah
3004050702;Sub Bidang Pengelolaan Kas dan Akuntansi;Badan Pengelolaan Keuangan dan Pendapatan Daerah
3004050801;Sub Bidang Pelayanan dan Data Informasi Pajak Daerah;Badan Pengelolaan Keuangan dan Pendapatan Daerah
3004050802;Sub Bidang Penetapan dan Pemeriksaan Pajak Daerah;Badan Pengelolaan Keuangan dan Pendapatan Daerah
3004050901;Sub Bidang Penagihan dan Peningkatan Kepatuhan;Badan Pengelolaan Keuangan dan Pendapatan Daerah
3004050902;Sub Bidang Evaluasi dan Pengembangan Pendapatan Daerah;Badan Pengelolaan Keuangan dan Pendapatan Daerah
3004090101;Sekretariat;Badan Penanggulangan Bencana Daerah
3004090102;Seksi Pencegahan dan Kesiapsiagaan;Badan Penanggulangan Bencana Daerah
3004090103;Seksi Kedaruratan dan Logistik;Badan Penanggulangan Bencana Daerah
3004090104;Seksi Rehabilitasi dan Rekonstruksi;Badan Penanggulangan Bencana Daerah
